TWT,MD,Gamma,General_Discrete
2665.0,2346.198,96.87666666666667,1
2665.5,2346.6553333333336,97.92666666666666,1
2666.0,2347.112333333333,101.49666666666667,1
2666.5,2347.5696666666668,102.77666666666666,1
2667.0,2348.0266666666666,103.43333333333334,1
2667.5,2348.484,96.76333333333334,1
2668.0,2348.941333333333,88.26666666666667,1
2668.5,2349.398333333333,88.74333333333334,1
2669.0,2349.9317499999997,96.5275,1
2669.5,2350.4653333333335,98.36333333333333,1
2670.0,2350.9223333333334,96.37,1
2670.5,2351.3796666666667,99.93666666666667,1
2671.0,2351.8366666666666,99.49666666666667,1
2671.5,2352.294,98.82666666666667,1
2672.0,2352.7513333333336,96.36,1
2672.5,2353.2083333333335,97.29,1
2673.0,2353.6656666666668,98.20333333333333,1
2673.5,2354.1226666666666,97.92,2
2674.0,2354.58,96.49666666666667,3
2674.5,2355.0373333333337,97.75666666666666,3
2675.0,2355.4943333333335,91.34333333333332,3
2675.5,2355.9516666666664,95.17333333333333,2
2676.0,2356.4086666666667,100.10666666666667,2
2676.5,2356.94225,97.79999999999998,2
2677.0,2357.4756666666667,99.39333333333333,1
2677.5,2357.9326666666666,99.82333333333332,1
2678.0,2358.39,99.30333333333334,1
2678.5,2358.8473333333336,100.19666666666667,1
2679.0,2359.3043333333335,96.53333333333335,1
2679.5,2359.7616666666668,93.05,1
2680.0,2360.2186666666666,97.69999999999999,1
2680.5,2360.676,99.01333333333332,1
2681.0,2361.133333333333,85.17,1
2681.5,2361.5903333333335,94.31333333333335,1
2682.0,2362.0476666666664,93.77,1
2682.5,2362.5046666666667,95.17,1
2683.0,2362.962,92.96999999999998,1
2683.5,2363.4193333333333,95.15666666666665,1
2684.0,2363.9525000000003,90.24000000000001,1
2684.5,2364.486,90.34999999999998,1
2685.0,2364.943333333333,95.17,1
2685.5,2365.4003333333335,98.06,1
2686.0,2365.857666666667,95.20666666666666,1
2686.5,2366.3146666666667,96.74333333333334,2
2687.0,2366.772,98.46999999999998,3
2687.5,2367.229333333333,99.27666666666666,3
2688.0,2367.6863333333336,102.46,2
2688.5,2368.143666666667,99.88,2
2689.0,2368.6006666666667,104.18333333333334,2
2689.5,2369.058,104.19333333333333,2
2690.0,2369.5153333333333,103.82333333333334,1
2690.5,2369.9723333333336,99.14999999999999,1
2691.0,2370.429666666667,98.17666666666668,1
2691.5,2370.9629999999997,101.2125,1
2692.0,2371.496333333333,101.54333333333334,3
2692.5,2371.953666666667,96.03333333333335,3
2693.0,2372.4106666666667,101.15666666666668,3
2693.5,2372.868,98.55666666666667,1
2694.0,2373.325333333333,77.57333333333334,1
2694.5,2373.782333333333,80.96666666666668,1
2695.0,2374.2396666666664,90.67,1
2695.5,2374.6966666666667,94.93333333333334,1
2696.0,2375.154,96.38,1
2696.5,2375.6113333333333,92.62333333333333,1
2697.0,2376.068333333333,96.2,2
2697.5,2376.5256666666664,94.61666666666667,2
2698.0,2376.982666666667,96.41000000000001,2
2698.5,2377.44,96.92,2
2699.0,2377.9735,95.94749999999999,2
2699.5,2378.5066666666667,93.80666666666667,2
2700.0,2378.964,94.54333333333334,1
2700.5,2379.421333333333,95.67,1
2701.0,2379.8783333333336,95.79,1
2701.5,2380.3356666666664,99.12,1
2702.0,2380.7926666666667,97.35666666666667,1
2702.5,2381.25,95.74000000000001,1
2703.0,2381.7073333333333,93.40666666666665,1
2703.5,2382.1643333333336,95.96666666666665,2
2704.0,2382.6216666666664,93.8,2
2704.5,2383.078666666667,97.25666666666666,2
2705.0,2383.536,97.01666666666667,2
2705.5,2383.9933333333333,90.04333333333334,1
2706.0,2384.450333333333,90.83666666666666,1
2706.5,2384.98375,81.34,1
2707.0,2385.517333333333,82.80333333333333,1
2707.5,2385.9743333333336,74.12666666666667,1
2708.0,2386.4316666666664,80.61666666666667,1
2708.5,2386.8886666666667,92.97333333333331,1
2709.0,2387.346,90.87,1
2709.5,2387.8033333333333,94.17333333333333,1
2710.0,2388.2603333333336,93.44666666666666,1
2710.5,2388.7176666666664,94.08999999999999,1
2711.0,2389.174666666667,94.05666666666666,1
2711.5,2389.632,96.79666666666667,1
2712.0,2390.0893333333333,99.31,1
2712.5,2390.546333333333,97.66000000000001,1
2713.0,2391.0036666666665,94.67666666666668,1
2713.5,2391.4606666666664,95.83333333333333,1
2714.0,2391.99425,91.8125,1
2714.5,2392.527666666667,93.86333333333333,1
2715.0,2392.9846666666667,96.42666666666668,1
2715.5,2393.442,94.57666666666667,1
2716.0,2393.8993333333333,91.66666666666667,1
2716.5,2394.3563333333336,91.58333333333333,2
2717.0,2394.813666666667,92.54,3
2717.5,2395.270666666667,96.13,3
2718.0,2395.728,98.32,3
2718.5,2396.1853333333333,97.41666666666667,2
2719.0,2396.642333333333,93.45333333333333,2
2719.5,2397.099666666667,93.50666666666667,2
2720.0,2397.5566666666664,80.29,1
2720.5,2398.014,67.31333333333333,1
2721.0,2398.4713333333334,68.03333333333335,1
2721.5,2399.0045,87.55000000000001,1
2722.0,2399.538,80.94,1
2722.5,2399.9953333333333,77.80666666666667,1
2723.0,2400.452333333333,75.72,1
2723.5,2400.9096666666665,65.31,1
2724.0,2401.366666666667,80.85666666666667,1
2724.5,2401.824,83.31,1
2725.0,2402.2813333333334,76.29333333333334,1
2725.5,2402.7383333333332,91.78333333333335,1
2726.0,2403.1956666666665,91.53333333333332,1
2726.5,2403.652666666667,98.99,1
2727.0,2404.11,100.17333333333333,1
2727.5,2404.567333333333,99.57666666666667,1
2728.0,2405.0243333333333,98.37666666666667,1
2728.5,2405.4816666666666,85.42999999999999,1
2729.0,2405.938666666667,95.93333333333332,1
2729.5,2406.47225,92.5875,1
2730.0,2407.0056666666665,96.67999999999999,1
2730.5,2407.462666666667,101.88666666666666,1
2731.0,2407.92,98.36666666666667,1
2731.5,2408.3773333333334,100.55666666666667,1
2732.0,2408.8343333333332,102.56666666666666,1
2732.5,2409.2916666666665,101.49,1
2733.0,2409.7486666666664,102.86000000000001,1
2733.5,2410.206,95.20333333333333,1
2734.0,2410.6633333333334,98.43,1
2734.5,2411.1203333333333,96.60000000000001,1
2735.0,2411.5776666666666,93.91000000000001,2
2735.5,2412.0346666666665,94.25333333333333,2
2736.0,2412.492,96.92,2
2736.5,2412.9493333333335,98.17333333333333,3
2737.0,2413.4825,98.03,3
2737.5,2414.016,94.69,3
2738.0,2414.4733333333334,97.40666666666665,3
2738.5,2414.9303333333332,96.87666666666667,3
2739.0,2415.3876666666665,95.07333333333334,3
2739.5,2415.8446666666664,100.97666666666665,3
2740.0,2416.302,100.58666666666666,3
2740.5,2416.7593333333334,92.50999999999999,1
2741.0,2417.2163333333333,89.89999999999999,1
2741.5,2417.6736666666666,89.77,1
2742.0,2418.1306666666665,91.48333333333333,1
2742.5,2418.588,89.75333333333333,1
2743.0,2419.0453333333335,95.90666666666665,1
2743.5,2419.5023333333334,97.11000000000001,1
2744.0,2419.9596666666666,97.45333333333333,1
2744.5,2420.493,96.7225,1
2745.0,2421.0263333333332,85.45333333333333,1
2745.5,2421.483666666667,86.31666666666666,1
2746.0,2421.9406666666664,76.08666666666666,1
2746.5,2422.398,67.24000000000001,1
2747.0,2422.8553333333334,64.33333333333333,1
2747.5,2423.3123333333333,71.14999999999999,1
2748.0,2423.769666666667,74.22000000000001,1
2748.5,2424.2266666666665,93.16000000000001,1
2749.0,2424.6839999999997,94.36333333333333,1
2749.5,2425.1413333333335,87.53000000000002,1
2750.0,2425.5983333333334,78.19,1
2750.5,2426.0556666666666,89.58333333333333,1
2751.0,2426.5126666666665,89.42666666666668,1
2751.5,2426.97,92.61666666666667,1
2752.0,2427.5035,102.8575,1
2752.5,2428.036666666667,108.05333333333333,1
2753.0,2428.494,102.24,2
2753.5,2428.951333333333,102.55666666666667,3
2754.0,2429.4083333333333,103.85666666666667,3
2754.5,2429.8656666666666,103.49333333333334,2
2755.0,2430.322666666667,102.32666666666667,1
2755.5,2430.78,100.53000000000002,1
2756.0,2431.237333333333,96.51666666666667,1
2756.5,2431.6943333333334,101.43,1
2757.0,2432.1516666666666,101.50666666666666,1
2757.5,2432.608666666667,101.04,1
2758.0,2433.066,104.92999999999999,1
2758.5,2433.523333333333,103.73666666666666,1
2759.0,2433.9803333333334,102.67333333333333,1
2759.5,2434.51375,90.44,1
2760.0,2435.0473333333334,99.40333333333335,1
2760.5,2435.5043333333333,96.12,1
2761.0,2435.9616666666666,102.70333333333333,3
2761.5,2436.4186666666665,103.88333333333333,3
2762.0,2436.876,103.86333333333333,3
2762.5,2437.3333333333335,102.12333333333333,3
2763.0,2437.7903333333334,99.09666666666668,2
2763.5,2438.2476666666666,100.01666666666667,2
2764.0,2438.7046666666665,97.53333333333335,1
2764.5,2439.1620000000003,98.69999999999999,1
2765.0,2439.6193333333335,101.09666666666665,1
2765.5,2440.076333333333,97.94333333333334,1
2766.0,2440.5336666666667,103.13333333333333,1
2766.5,2440.9906666666666,99.30666666666666,1
2767.0,2441.52425,98.22,1
2767.5,2442.0576666666666,100.99666666666667,1
2768.0,2442.5146666666665,102.55999999999999,1
2768.5,2442.972,104.20333333333332,1
2769.0,2443.4293333333335,100.85333333333334,1
2769.5,2443.8863333333334,103.60666666666667,1
2770.0,2444.3436666666666,109.80666666666667,1
2770.5,2444.8006666666665,108.25,1
2771.0,2445.258,108.88333333333333,1
2771.5,2445.7153333333335,102.96999999999998,1
2772.0,2446.1723333333334,97.91000000000001,1
2772.5,2446.6296666666667,89.08999999999999,1
2773.0,2447.0866666666666,92.13666666666666,1
2773.5,2447.544,95.03000000000002,1
2774.0,2448.0013333333336,98.24666666666667,1
2774.5,2448.5344999999998,97.6525,1
2775.0,2449.0679999999998,96.35333333333334,1
2775.5,2449.5253333333335,95.05333333333333,3
2776.0,2449.9823333333334,97.36333333333334,3
2776.5,2450.4396666666667,97.70666666666666,3
2777.0,2450.8966666666665,99.95333333333333,1
2777.5,2451.354,98.61000000000001,1
2778.0,2451.8113333333336,99.19666666666666,1
2778.5,2452.2683333333334,99.11333333333333,1
2779.0,2452.7256666666667,101.30000000000001,1
2779.5,2453.1826666666666,100.11666666666667,1
2780.0,2453.64,97.80333333333333,1
2780.5,2454.0973333333336,91.74000000000001,1
2781.0,2454.5543333333335,96.86666666666667,1
2781.5,2455.0116666666668,98.21333333333332,1
2782.0,2455.545,98.64999999999999,1
2782.5,2456.0783333333334,104.58333333333333,1
2783.0,2456.5356666666667,94.47333333333334,1
2783.5,2456.992666666667,88.75666666666666,1
2784.0,2457.45,78.37,1
2784.5,2457.907333333333,53.919999999999995,1
2785.0,2458.3643333333334,69.14999999999999,1
2785.5,2458.8216666666667,86.21,1
2786.0,2459.278666666667,97.55666666666667,1
2786.5,2459.736,97.91333333333334,1
2787.0,2460.193333333333,92.66666666666667,2
2787.5,2460.6503333333335,91.32333333333334,2
2788.0,2461.107666666667,99.77666666666666,2
2788.5,2461.5646666666667,91.27333333333333,3
2789.0,2462.022,97.60666666666667,3
2789.5,2462.5555,98.605,3
2790.0,2463.0886666666665,98.90333333333332,3
2790.5,2463.546,96.24333333333334,3
2791.0,2464.0033333333336,93.30666666666667,3
2791.5,2464.460333333333,92.43666666666667,3
2792.0,2464.9176666666667,99.16333333333334,3
2792.5,2465.3746666666666,91.19999999999999,3
2793.0,2465.832,96.30666666666667,3
2793.5,2466.2893333333336,101.42666666666666,3
2794.0,2466.746333333333,100.92,3
2794.5,2467.203666666667,98.98333333333335,3
2795.0,2467.6606666666667,96.61,3
2795.5,2468.118,97.42333333333333,3
2796.0,2468.575333333333,103.25999999999999,3
2796.5,2469.032333333333,101.43666666666667,3
2797.0,2469.5657499999998,97.52250000000001,3
2797.5,2470.0993333333336,95.62,2
2798.0,2470.5563333333334,100.13,1
2798.5,2471.0136666666667,90.31,1
2799.0,2471.4706666666666,94.37666666666667,1
2799.5,2471.928,99.04333333333334,1
2800.0,2472.3853333333336,95.01333333333334,1
2800.5,2472.8423333333335,96.83999999999999,1
2801.0,2473.299666666667,97.93333333333334,1
2801.5,2473.7566666666667,100.53666666666668,1
2802.0,2474.214,98.05000000000001,1
2802.5,2474.671333333333,102.10666666666668,1
2803.0,2475.1283333333336,98.98333333333333,1
2803.5,2475.5856666666664,99.04666666666667,1
2804.0,2476.0426666666667,96.78333333333335,1
2804.5,2476.5,92.20333333333333,1
2805.0,2477.0335,75.725,1
2805.5,2477.5666666666666,91.47666666666667,1
2806.0,2478.024,84.61333333333333,1
2806.5,2478.4813333333336,85.16666666666667,1
2807.0,2478.9383333333335,94.03666666666668,1
2807.5,2479.395666666667,99.49666666666667,1
2808.0,2479.8526666666667,79.38000000000001,1
2808.5,2480.31,83.24666666666667,1
2809.0,2480.767333333333,98.38666666666667,1
2809.5,2481.2243333333336,99.72333333333331,1
2810.0,2481.6816666666664,97.47000000000001,1
2810.5,2482.1386666666667,98.23333333333333,2
2811.0,2482.596,102.31333333333333,3
2811.5,2483.0533333333333,95.21666666666665,3
2812.0,2483.5103333333336,91.55333333333333,3
2812.5,2484.04375,99.5675,1
2813.0,2484.577333333333,100.82000000000001,1
2813.5,2485.0343333333335,99.58333333333333,1
2814.0,2485.491666666667,97.51333333333334,1
2814.5,2485.9486666666667,96.87666666666667,1
2815.0,2486.406,98.12666666666667,1
2815.5,2486.8633333333332,97.71666666666665,1
2816.0,2487.3203333333336,101.57666666666667,3
2816.5,2487.777666666667,89.42333333333333,3
2817.0,2488.2346666666667,81.43333333333334,3
2817.5,2488.692,70.01666666666667,2
2818.0,2489.1493333333333,67.53666666666668,2
2818.5,2489.6063333333336,57.59,2
2819.0,2490.063666666667,46.50666666666667,1
2819.5,2490.520666666667,43.196666666666665,1
2820.0,2491.05425,71.7225,1
2820.5,2491.587666666667,95.45333333333333,1
2821.0,2492.0446666666667,89.3,1
2821.5,2492.502,87.04666666666667,1
2822.0,2492.9593333333332,91.29,1
2822.5,2493.416333333333,94.49666666666667,1
2823.0,2493.8736666666664,79.5,1
2823.5,2494.3306666666667,68.81,1
2824.0,2494.788,63.11333333333332,1
2824.5,2495.2453333333333,44.73666666666667,1
2825.0,2495.702333333333,52.03,1
2825.5,2496.1596666666665,63.73333333333333,1
2826.0,2496.616666666667,87.39666666666666,1
2826.5,2497.074,98.41333333333334,1
2827.0,2497.5313333333334,98.42,1
2827.5,2498.0645,95.955,1
2828.0,2498.598,98.81666666666668,1
2828.5,2499.0553333333332,99.81333333333333,1
2829.0,2499.5123333333336,99.29333333333334,1
2829.5,2499.9696666666664,103.24333333333334,1
2830.0,2500.4266666666667,99.70333333333333,1
2830.5,2500.884,98.89666666666666,1
2831.0,2501.3413333333333,102.03666666666668,1
2831.5,2501.798333333333,105.15666666666668,1
2832.0,2502.2556666666665,101.42333333333333,1
2832.5,2502.712666666667,103.59333333333332,1
2833.0,2503.17,103.36000000000001,1
2833.5,2503.6273333333334,103.83999999999999,1
2834.0,2504.0843333333332,103.52666666666666,2
2834.5,2504.5416666666665,103.50666666666667,3
2835.0,2505.075,100.7175,3
2835.5,2505.6083333333336,98.88,1
2836.0,2506.0656666666664,101.11,1
2836.5,2506.5226666666667,88.69,1
2837.0,2506.98,62.44666666666666,1
2837.5,2507.4373333333333,82.06333333333333,1
2838.0,2507.8943333333336,92.97333333333334,1
2838.5,2508.3516666666665,101.25333333333333,1
2839.0,2508.8086666666663,100.52333333333333,1
2839.5,2509.266,97.73,1
2840.0,2509.7233333333334,96.66333333333334,1
2840.5,2510.1803333333332,99.37333333333333,2
2841.0,2510.6376666666665,92.61333333333334,3
2841.5,2511.0946666666664,97.78333333333335,3
2842.0,2511.552,95.71666666666665,3
2842.5,2512.0855,94.525,3
2843.0,2512.6186666666667,98.37666666666667,3
2843.5,2513.076,99.05666666666667,2
2844.0,2513.5333333333333,97.80333333333334,2
2844.5,2513.990333333333,102.60000000000001,2
2845.0,2514.447666666667,100.46333333333335,1
2845.5,2514.904666666667,99.77666666666666,1
2846.0,2515.362,98.58333333333333,1
2846.5,2515.8193333333334,97.91666666666667,1
2847.0,2516.2763333333332,96.29666666666667,1
2847.5,2516.733666666667,97.99333333333334,1
2848.0,2517.1906666666664,100.23333333333333,1
2848.5,2517.648,100.81333333333333,1
2849.0,2518.1053333333334,97.02333333333333,1
2849.5,2518.5623333333333,99.63333333333333,1
2850.0,2519.0957500000004,96.685,1
2850.5,2519.6293333333333,91.27,1
2851.0,2520.086333333333,98.18666666666667,1
2851.5,2520.5436666666665,97.83999999999999,1
2852.0,2521.000666666667,98.5,1
2852.5,2521.458,96.09333333333332,1
2853.0,2521.9153333333334,97.92333333333333,1
2853.5,2522.3723333333332,79.31333333333333,1
2854.0,2522.8296666666665,91.62,1
2854.5,2523.286666666667,93.42,1
2855.0,2523.744,88.31333333333333,3
2855.5,2524.201333333333,69.20666666666666,3
2856.0,2524.6583333333333,66.13,3
2856.5,2525.1156666666666,67.00333333333333,2
2857.0,2525.572666666667,56.04,2
2857.5,2526.10625,66.0075,2
2858.0,2526.6396666666665,61.11333333333334,1
2858.5,2527.096666666667,66.33333333333333,1
2859.0,2527.554,79.44,1
2859.5,2528.0113333333334,59.75333333333333,1
2860.0,2528.4683333333332,66.2,1
2860.5,2528.9256666666665,88.32666666666667,1
2861.0,2529.3826666666664,96.12666666666667,1
2861.5,2529.84,95.99666666666667,1
2862.0,2530.2973333333334,96.08,1
2862.5,2530.7543333333333,93.93666666666667,1
2863.0,2531.2116666666666,100.18666666666667,1
2863.5,2531.6686666666665,94.89333333333333,1
2864.0,2532.126,76.67666666666666,2
2864.5,2532.5833333333335,95.00333333333333,2
2865.0,2533.1165,94.25000000000001,2
2865.5,2533.65,93.50999999999999,1
2866.0,2534.1073333333334,100.80666666666667,1
2866.5,2534.5643333333333,101.10666666666667,1
2867.0,2535.0216666666665,97.01666666666667,1
2867.5,2535.4786666666664,96.55333333333333,1
2868.0,2535.936,101.98666666666666,1
2868.5,2536.3933333333334,106.25,1
2869.0,2536.8503333333333,103.61333333333334,1
2869.5,2537.3076666666666,111.39,1
2870.0,2537.7646666666665,110.90333333333335,1
2870.5,2538.222,106.67999999999999,1
2871.0,2538.6793333333335,108.84333333333335,1
2871.5,2539.1363333333334,106.74666666666667,1
2872.0,2539.5936666666666,109.07666666666667,1
2872.5,2540.0506666666665,106.33333333333333,1
2873.0,2540.58425,107.42750000000001,1
2873.5,2541.117666666667,103.15666666666668,1
2874.0,2541.5746666666664,109.14999999999999,1
2874.5,2542.032,107.57666666666667,1
2875.0,2542.4893333333334,100.83333333333333,1
2875.5,2542.9463333333333,103.71666666666665,1
2876.0,2543.403666666667,103.15333333333332,1
2876.5,2543.8606666666665,102.25666666666666,1
2877.0,2544.3179999999998,108.44,1
2877.5,2544.7753333333335,109.81333333333333,1
2878.0,2545.2323333333334,109.29333333333334,1
2878.5,2545.6896666666667,106.57666666666667,1
2879.0,2546.1466666666665,107.22666666666667,1
2879.5,2546.604,107.11333333333334,1
2880.0,2547.0613333333336,109.29666666666667,1
2880.5,2547.5945,109.05,1
2881.0,2548.128,110.96999999999998,3
2881.5,2548.585333333333,113.06333333333333,3
2882.0,2549.0423333333333,116.93,3
2882.5,2549.4996666666666,116.55666666666667,3
2883.0,2549.956666666667,126.55999999999999,2
2883.5,2550.414,123.21666666666665,2
2884.0,2550.871333333333,119.12,1
2884.5,2551.3283333333334,128.1933333333333,3
2885.0,2551.7095,135.265,2
2885.5,2552.319,129.23000000000002,1
2886.0,2552.7,102.38000000000001,1
2886.5,2553.157333333333,96.55666666666667,1
2887.0,2553.6143333333334,94.22333333333331,1
2887.5,2554.0716666666667,101.49666666666667,2
2888.0,2554.6050000000005,97.0525,2
2888.5,2555.1383333333333,95.33666666666666,2
2889.0,2555.5956666666666,95.82333333333332,2
2889.5,2556.0526666666665,94.86666666666667,2
2890.0,2556.51,96.03666666666668,2
2890.5,2556.9673333333335,95.48333333333335,2
2891.0,2557.4243333333334,83.71333333333332,2
2891.5,2557.8816666666667,91.15333333333332,3
2892.0,2558.3386666666665,84.75,3
2892.5,2558.796,89.02,3
2893.0,2559.2533333333336,91.67666666666668,3
2893.5,2559.710333333333,95.61000000000001,3
2894.0,2560.1676666666667,92.42333333333333,3
2894.5,2560.6246666666666,87.61,2
2895.0,2561.082,77.07666666666665,1
2895.5,2561.6155,84.8675,1
2896.0,2562.1486666666665,97.11,1
2896.5,2562.606,99.11666666666667,1
2897.0,2563.0633333333335,99.15666666666668,1
2897.5,2563.5203333333334,96.78333333333335,1
2898.0,2563.9776666666667,96.82,1
2898.5,2564.4346666666665,98.57,1
2899.0,2564.892,98.97000000000001,1
2899.5,2565.3493333333336,100.08666666666666,1
2900.0,2565.8063333333334,99.52666666666669,1
2900.5,2566.2636666666667,100.60333333333334,1
2901.0,2566.7206666666666,104.97333333333331,1
2901.5,2567.178,108.42333333333333,1
2902.0,2567.6353333333336,101.23,1
2902.5,2568.0923333333335,103.58333333333333,1
2903.0,2568.62575,99.355,1
2903.5,2569.1593333333335,98.46,1
2904.0,2569.6163333333334,80.53666666666666,2
2904.5,2570.0736666666667,76.15333333333332,2
2905.0,2570.5306666666665,76.61666666666667,2
2905.5,2570.988,77.36666666666667,2
2906.0,2571.4453333333336,60.49666666666667,1
2906.5,2571.9023333333334,58.413333333333334,1
2907.0,2572.3596666666667,65.10000000000001,1
2907.5,2572.8166666666666,66.83,1
2908.0,2573.274,63.42666666666667,1
2908.5,2573.7313333333336,68.92333333333333,1
2909.0,2574.1883333333335,58.406666666666666,1
2909.5,2574.645666666667,82.54333333333334,1
2910.0,2575.1026666666667,88.43333333333334,1
2910.5,2575.63625,87.635,1
2911.0,2576.1696666666667,104.22666666666667,1
2911.5,2576.626666666667,106.91000000000001,1
2912.0,2577.084,101.19,1
2912.5,2577.541333333333,98.42333333333333,2
2913.0,2577.9983333333334,88.11333333333333,2
2913.5,2578.4556666666667,85.99666666666667,2
2914.0,2578.912666666667,92.83333333333333,2
2914.5,2579.37,94.46,2
2915.0,2579.827333333333,99.84999999999998,2
2915.5,2580.2843333333335,98.53666666666668,1
2916.0,2580.741666666667,97.75999999999999,1
2916.5,2581.1986666666667,88.93,1
2917.0,2581.656,88.62666666666667,1
2917.5,2582.1133333333332,94.95,1
2918.0,2582.6465,99.6375,1
2918.5,2583.18,95.45666666666666,1
2919.0,2583.6373333333336,96.51333333333334,1
2919.5,2584.094333333333,97.90666666666668,1
2920.0,2584.5516666666667,98.55333333333334,2
2920.5,2585.0086666666666,97.66000000000001,2
2921.0,2585.466,99.5,2
2921.5,2585.923333333333,97.02999999999999,2
2922.0,2586.380333333333,93.08,1
2922.5,2586.837666666667,95.78333333333335,1
2923.0,2587.2946666666667,95.56,1
2923.5,2587.752,84.74333333333334,1
2924.0,2588.2093333333332,95.34666666666665,1
2924.5,2588.666333333333,97.11000000000001,1
2925.0,2589.1236666666664,97.08,1
2925.5,2589.657,92.175,1
2926.0,2590.1903333333335,86.42666666666666,1
2926.5,2590.6476666666667,93.85333333333334,1
2927.0,2591.1046666666666,92.90666666666668,1
2927.5,2591.562,97.90666666666665,1
2928.0,2592.0193333333336,93.42666666666666,1
2928.5,2592.4763333333335,91.37666666666667,1
2929.0,2592.9336666666663,93.76666666666665,1
2929.5,2593.3906666666667,88.70666666666666,1
2930.0,2593.848,88.96666666666665,1
2930.5,2594.3053333333332,88.85333333333334,1
2931.0,2594.7623333333336,92.10666666666667,1
2931.5,2595.2196666666664,94.13666666666666,1
2932.0,2595.6766666666667,84.85333333333334,1
2932.5,2596.134,85.43333333333334,1
2933.0,2596.6675,90.44,1
2933.5,2597.2006666666666,89.04333333333334,1
2934.0,2597.658,79.56666666666668,1
2934.5,2598.115333333333,79.62,2
2935.0,2598.5723333333335,76.72333333333333,2
2935.5,2599.029666666667,71.24333333333334,2
2936.0,2599.4866666666667,80.06333333333333,3
2936.5,2599.944,71.58,3
2937.0,2600.4013333333332,78.07666666666667,3
2937.5,2600.8583333333336,85.72333333333334,3
2938.0,2601.3156666666664,85.1,3
2938.5,2601.7726666666667,82.72666666666666,3
2939.0,2602.23,82.72333333333334,1
2939.5,2602.6873333333333,85.48666666666666,1
2940.0,2603.1443333333336,64.31666666666668,1
2940.5,2603.67775,70.265,1
2941.0,2604.211333333333,73.41333333333334,1
2941.5,2604.6683333333335,67.21666666666665,1
2942.0,2605.125666666667,63.443333333333335,1
2942.5,2605.5826666666667,83.01333333333334,1
2943.0,2606.04,77.69666666666666,1
2943.5,2606.4973333333332,86.65333333333335,1
2944.0,2606.9543333333336,91.92333333333333,1
2944.5,2607.411666666667,56.096666666666664,1
2945.0,2607.8686666666667,50.88333333333333,2
2945.5,2608.326,58.699999999999996,2
2946.0,2608.7833333333333,65.26666666666667,2
2946.5,2609.240333333333,64.63,1
2947.0,2609.697666666667,65.0,1
2947.5,2610.154666666667,67.77666666666666,1
2948.0,2610.612,65.16,1
2948.5,2611.1455,71.46000000000001,1
2949.0,2611.6786666666667,75.17,1
2949.5,2612.136,74.89333333333333,1
2950.0,2612.5933333333332,76.03333333333335,2
2950.5,2613.050333333333,77.38666666666667,3
2951.0,2613.5076666666664,69.50333333333333,3
2951.5,2613.9646666666667,67.27666666666666,3
2952.0,2614.422,65.68,1
2952.5,2614.8793333333333,52.77,1
2953.0,2615.336333333333,40.126666666666665,1
2953.5,2615.7936666666665,48.839999999999996,1
2954.0,2616.250666666667,47.96333333333333,1
2954.5,2616.708,57.71,1
2955.0,2617.1653333333334,61.81666666666666,1
2955.5,2617.6223333333332,64.55666666666666,1
2956.0,2618.15575,64.875,1
2956.5,2618.6893333333333,62.89333333333334,2
2957.0,2619.1463333333336,69.01333333333334,2
2957.5,2619.6036666666664,66.61999999999999,2
2958.0,2620.0606666666667,73.16333333333334,1
2958.5,2620.518,69.72333333333334,1
2959.0,2620.9753333333333,78.31666666666666,1
2959.5,2621.432333333333,88.68666666666667,1
2960.0,2621.8896666666665,85.96,1
2960.5,2622.346666666667,77.01666666666667,1
2961.0,2622.804,77.66,1
2961.5,2623.2613333333334,72.75333333333333,1
2962.0,2623.7183333333332,73.70666666666666,1
2962.5,2624.1756666666665,81.03333333333332,1
2963.0,2624.6326666666664,88.76333333333332,1
2963.5,2625.16625,87.615,1
2964.0,2625.6996666666664,86.7,2
2964.5,2626.1566666666668,90.69,3
2965.0,2626.614,83.29,3
2965.5,2627.0713333333333,65.96,3
2966.0,2627.5283333333336,86.04666666666667,1
2966.5,2627.9856666666665,91.28666666666668,1
2967.0,2628.4426666666664,81.59333333333332,1
2967.5,2628.9,74.00333333333333,1
2968.0,2629.3573333333334,86.11333333333333,1
2968.5,2629.8143333333333,71.32666666666667,1
2969.0,2630.2716666666665,45.416666666666664,1
2969.5,2630.7286666666664,63.626666666666665,1
2970.0,2631.186,60.97666666666667,1
2970.5,2631.6433333333334,71.96333333333332,1
2971.0,2632.1765,86.52499999999999,1
2971.5,2632.71,99.0,1
2972.0,2633.1673333333333,99.04,1
2972.5,2633.624333333333,97.33,1
2973.0,2634.081666666667,98.61000000000001,1
2973.5,2634.538666666667,98.71666666666665,2
2974.0,2634.996,98.90333333333335,2
2974.5,2635.4533333333334,99.89666666666669,2
2975.0,2635.9103333333333,99.91000000000001,2
2975.5,2636.367666666667,101.08333333333333,1
2976.0,2636.8246666666664,99.59666666666668,1
2976.5,2637.282,98.47000000000001,1
2977.0,2637.7393333333334,98.74333333333334,1
2977.5,2638.1963333333333,98.01,1
2978.0,2638.653666666667,100.90666666666665,1
2978.5,2639.187,98.82499999999999,1
2979.0,2639.720333333333,82.76,1
2979.5,2640.1776666666665,89.73,1
2980.0,2640.634666666667,99.11333333333334,1
2980.5,2641.092,99.61666666666666,1
2981.0,2641.5493333333334,95.74666666666667,1
2981.5,2642.0063333333333,94.03000000000002,1
2982.0,2642.4636666666665,97.38,2
2982.5,2642.920666666667,99.96333333333332,2
2983.0,2643.378,95.06333333333333,2
2983.5,2643.835333333333,99.32,1
2984.0,2644.2923333333333,98.63,1
2984.5,2644.7496666666666,97.79333333333334,1
2985.0,2645.206666666667,96.88333333333333,1
2985.5,2645.664,93.71,1
2986.0,2646.1974999999998,90.48749999999998,1
2986.5,2646.730666666667,96.80333333333334,1
2987.0,2647.188,96.88333333333333,1
2987.5,2647.6453333333334,97.99666666666667,1
2988.0,2648.1023333333333,94.02,2
2988.5,2648.5596666666665,95.08333333333333,2
2989.0,2649.0166666666664,100.33,2
2989.5,2649.474,101.27,2
2990.0,2649.9313333333334,103.89,1
2990.5,2650.3883333333333,101.40666666666668,1
2991.0,2650.8456666666666,98.89666666666666,1
2991.5,2651.3026666666665,97.89333333333333,1
2992.0,2651.76,98.13666666666666,1
2992.5,2652.2173333333335,97.01333333333332,1
2993.0,2652.6743333333334,95.16333333333334,1
2993.5,2653.20775,95.4675,1
2994.0,2653.7413333333334,91.46999999999998,1
2994.5,2654.1983333333333,93.73,2
2995.0,2654.6556666666665,94.69666666666667,2
2995.5,2655.1126666666664,96.40000000000002,2
2996.0,2655.57,104.51,1
2996.5,2656.0273333333334,105.60666666666667,1
2997.0,2656.4843333333333,102.25666666666666,1
2997.5,2656.9416666666666,102.70666666666666,2
2998.0,2657.3986666666665,104.33,2
2998.5,2657.856,107.55666666666667,2
2999.0,2658.3133333333335,107.17,1
2999.5,2658.7703333333334,100.31,1
3000.0,2659.2276666666667,93.62666666666667,1
3000.5,2659.6846666666665,95.51666666666667,1
3001.0,2660.21825,98.12249999999999,1
3001.5,2660.751666666667,100.49000000000001,1
3002.0,2661.2086666666664,96.28333333333335,1
3002.5,2661.666,92.09666666666665,1
3003.0,2662.1233333333334,95.88,1
3003.5,2662.5803333333333,98.10333333333334,1
3004.0,2663.037666666667,97.38666666666666,1
3004.5,2663.4946666666665,99.89666666666666,1
3005.0,2663.9519999999998,98.39666666666666,1
3005.5,2664.4093333333335,91.67999999999999,1
3006.0,2664.8663333333334,90.65666666666668,1
3006.5,2665.3236666666667,101.61666666666667,2
3007.0,2665.7806666666665,104.43333333333332,2
3007.5,2666.238,105.38,2
3008.0,2666.6953333333336,105.87333333333333,1
3008.5,2667.2285,103.7825,1
3009.0,2667.762,105.23666666666666,1
3009.5,2668.219333333333,103.44666666666666,1
3010.0,2668.6763333333333,103.34333333333335,2
3010.5,2669.1336666666666,105.31,3
3011.0,2669.590666666667,104.07,3
3011.5,2670.048,102.24666666666667,3
3012.0,2670.505333333333,94.83666666666666,1
3012.5,2670.9623333333334,91.37333333333333,1
3013.0,2671.4196666666667,99.52333333333333,1
3013.5,2671.876666666667,103.28666666666668,1
3014.0,2672.334,104.04,1
3014.5,2672.791333333333,101.44999999999999,1
3015.0,2673.2483333333334,99.76333333333334,1
3015.5,2673.7056666666667,99.17999999999999,1
3016.0,2674.162666666667,100.58333333333333,1
3016.5,2674.69625,93.19,2
3017.0,2675.2296666666666,100.23666666666666,3
3017.5,2675.6866666666665,97.76,3
3018.0,2676.1440000000002,91.25,2
3018.5,2676.6013333333335,98.64,1
3019.0,2677.058333333333,98.97000000000001,1
3019.5,2677.5156666666667,99.62666666666667,1
3020.0,2677.9726666666666,96.04333333333334,1
3020.5,2678.43,95.79666666666667,2
3021.0,2678.8873333333336,95.72333333333334,3
3021.5,2679.344333333333,88.21333333333332,1
3022.0,2679.8016666666667,81.94666666666667,1
3022.5,2680.2586666666666,95.07000000000001,1
3023.0,2680.716,99.21666666666668,1
3023.5,2681.173333333333,95.95333333333333,1
3024.0,2681.7065,97.12,1
3024.5,2682.24,96.89666666666666,1
3025.0,2682.6973333333335,94.35000000000001,1
3025.5,2683.1543333333334,92.49333333333334,1
3026.0,2683.6116666666667,96.27333333333333,1
3026.5,2684.0686666666666,95.08,1
3027.0,2684.526,96.86,2
3027.5,2684.9833333333336,98.17,2
3028.0,2685.4403333333335,103.39333333333333,2
3028.5,2685.8976666666667,100.65333333333332,2
3029.0,2686.3546666666666,101.22666666666667,1
3029.5,2686.812,97.70333333333333,1
3030.0,2687.2693333333336,92.88333333333333,1
3030.5,2687.7263333333335,93.62666666666667,1
3031.0,2688.1836666666663,93.95333333333333,2
3031.5,2688.717,88.6325,3
3032.0,2689.2503333333334,92.42999999999999,3
3032.5,2689.7076666666667,89.82333333333332,3
3033.0,2690.1646666666666,94.79666666666667,1
3033.5,2690.622,92.53000000000002,1
3034.0,2691.0793333333336,92.87333333333333,1
3034.5,2691.5363333333335,93.99666666666667,1
3035.0,2691.9936666666667,89.59333333333335,2
3035.5,2692.4506666666666,88.38333333333333,2
3036.0,2692.908,91.43666666666667,2
3036.5,2693.365333333333,98.21333333333332,1
3037.0,2693.8223333333335,94.88,1
3037.5,2694.279666666667,79.59333333333332,1
3038.0,2694.7366666666667,73.84666666666666,1
3038.5,2695.194,80.08999999999999,1
3039.0,2695.7275,93.22999999999999,1
3039.5,2696.260666666667,92.11333333333334,1
3040.0,2696.718,80.41333333333333,1
3040.5,2697.175333333333,82.16666666666667,1
3041.0,2697.6323333333335,78.95,1
3041.5,2698.0896666666667,75.29,2
3042.0,2698.5466666666666,86.91000000000001,2
3042.5,2699.004,95.10000000000001,2
3043.0,2699.461333333333,83.45666666666666,3
3043.5,2699.9183333333335,86.32,3
3044.0,2700.375666666667,91.83999999999999,3
3044.5,2700.8326666666667,94.34333333333332,1
3045.0,2701.29,94.55,1
3045.5,2701.7473333333332,92.26333333333332,1
3046.0,2702.2043333333336,90.20333333333333,1
3046.5,2702.7377500000002,89.81,2
3047.0,2703.2713333333336,87.32333333333334,2
3047.5,2703.728333333333,88.34666666666668,2
3048.0,2704.1856666666667,87.52333333333333,2
3048.5,2704.6426666666666,88.87666666666667,1
3049.0,2705.1,93.27333333333333,1
3049.5,2705.557333333333,90.49333333333334,3
3050.0,2706.014333333333,86.62333333333333,3
3050.5,2706.471666666667,85.46333333333332,3
3051.0,2706.9286666666667,86.50333333333333,3
3051.5,2707.386,88.44333333333334,3
3052.0,2707.8433333333332,83.63333333333334,2
3052.5,2708.300333333333,87.51666666666667,1
3053.0,2708.7576666666664,84.36,1
3053.5,2709.2146666666667,86.49000000000001,2
3054.0,2709.7482499999996,84.6375,2
3054.5,2710.2816666666668,86.64,2
3055.0,2710.7386666666666,75.5,2
3055.5,2711.196,58.89333333333334,2
3056.0,2711.6533333333336,88.73333333333333,2
3056.5,2712.1103333333335,100.01666666666667,2
3057.0,2712.5676666666664,100.77666666666669,2
3057.5,2713.0246666666667,100.74000000000001,1
3058.0,2713.482,98.21333333333332,1
3058.5,2713.9393333333333,94.77666666666666,1
3059.0,2714.3963333333336,84.96666666666667,1
3059.5,2714.8536666666664,80.09333333333332,1
3060.0,2715.3106666666667,74.84666666666668,1
3060.5,2715.768,90.43333333333334,1
3061.0,2716.2253333333333,96.63,1
3061.5,2716.7585,99.1975,1
3062.0,2717.292,97.46333333333332,1
3062.5,2717.749333333333,93.24333333333333,1
3063.0,2718.2063333333335,95.22000000000001,1
3063.5,2718.663666666667,94.71,2
3064.0,2719.1206666666667,99.02,2
3064.5,2719.578,100.91000000000001,2
3065.0,2720.0353333333333,102.08333333333333,2
3065.5,2720.4923333333336,110.11333333333333,2
3066.0,2720.9496666666664,109.63666666666667,2
3066.5,2721.4066666666668,96.78666666666668,3
3067.0,2721.864,90.77,3
3067.5,2722.3213333333333,89.13,3
3068.0,2722.7783333333336,92.27999999999999,2
3068.5,2723.2356666666665,88.79666666666667,1
3069.0,2723.769,82.1575,1
3069.5,2724.3023333333335,78.95,1
3070.0,2724.759666666667,74.58333333333333,1
3070.5,2725.2166666666667,82.77999999999999,1
3071.0,2725.674,88.72666666666667,2
3071.5,2726.1313333333333,81.61000000000001,2
3072.0,2726.5883333333336,83.48,2
3072.5,2727.045666666667,78.59666666666666,2
3073.0,2727.5026666666668,76.24666666666667,3
3073.5,2727.96,90.17,3
3074.0,2728.4173333333333,96.3,3
3074.5,2728.874333333333,94.96999999999998,3
3075.0,2729.331666666667,92.30333333333333,3
3075.5,2729.788666666667,93.35666666666667,2
3076.0,2730.246,95.63333333333333,1
3076.5,2730.7795,94.47999999999999,1
3077.0,2731.3126666666667,93.75333333333333,1
3077.5,2731.77,99.82333333333334,1
3078.0,2732.2273333333337,93.98333333333333,1
3078.5,2732.684333333333,86.27333333333333,1
3079.0,2733.1416666666664,94.68,1
3079.5,2733.5986666666668,90.72666666666667,1
3080.0,2734.056,91.96999999999998,1
3080.5,2734.513333333334,93.55333333333334,1
3081.0,2734.970333333333,91.58666666666666,1
3081.5,2735.4276666666665,90.02999999999999,1
3082.0,2735.884666666667,89.09333333333332,3
3082.5,2736.342,93.02999999999999,3
3083.0,2736.799333333334,93.86666666666666,3
3083.5,2737.2563333333333,95.52333333333333,3
3084.0,2737.78975,91.445,1
3084.5,2738.3233333333333,91.68,2
3085.0,2738.7803333333336,101.48666666666668,2
3085.5,2739.2376666666664,97.88,2
3086.0,2739.6946666666668,95.62,2
3086.5,2740.152,92.00333333333333,2
3087.0,2740.6093333333333,88.35000000000001,2
3087.5,2741.0663333333337,84.21333333333334,2
3088.0,2741.5236666666665,71.57000000000001,1
3088.5,2741.9806666666664,73.96666666666668,1
3089.0,2742.438,81.67,1
3089.5,2742.8953333333334,92.85000000000001,1
3090.0,2743.3523333333337,84.65666666666668,1
3090.5,2743.8096666666665,84.42,1
3091.0,2744.2666666666664,96.11333333333333,2
3091.5,2744.724,95.12666666666667,3
3092.0,2745.2574999999997,85.42249999999999,3
3092.5,2745.7906666666663,89.20666666666666,3
3093.0,2746.248,89.52,1
3093.5,2746.7053333333333,99.91666666666667,2
3094.0,2747.1623333333337,99.45666666666666,2
3094.5,2747.619666666667,99.80333333333334,1
3095.0,2748.0766666666664,92.60333333333334,1
3095.5,2748.534,68.46333333333334,1
3096.0,2748.9913333333334,70.2,1
3096.5,2749.4483333333333,85.26,3
3097.0,2749.905666666667,84.97333333333334,3
3097.5,2750.3626666666664,85.73000000000002,3
3098.0,2750.82,81.14333333333333,1
3098.5,2751.2773333333334,86.0,1
3099.0,2751.7343333333333,87.42666666666666,1
3099.5,2752.26775,66.59,2
3100.0,2752.8013333333333,38.61666666666667,2
3100.5,2753.258333333333,47.11333333333334,2
3101.0,2753.715666666667,87.44666666666667,1
3101.5,2754.172666666667,95.40333333333332,1
3102.0,2754.6299999999997,89.07000000000001,1
3102.5,2755.087333333333,83.03333333333333,1
3103.0,2755.5443333333333,89.28000000000002,2
3103.5,2756.001666666667,91.46333333333332,2
3104.0,2756.458666666667,83.74666666666666,2
3104.5,2756.9159999999997,81.0,1
3105.0,2757.373333333333,86.07333333333334,1
3105.5,2757.8303333333333,84.13333333333333,1
3106.0,2758.287666666667,80.16000000000001,1
3106.5,2758.744666666667,82.12666666666667,1
3107.0,2759.27825,89.82249999999999,1
3107.5,2759.8116666666665,99.23,1
3108.0,2760.268666666667,99.49333333333334,1
3108.5,2760.726,95.14,1
3109.0,2761.183333333333,102.94666666666667,1
3109.5,2761.6403333333333,111.49000000000001,2
3110.0,2762.0976666666666,105.75,2
3110.5,2762.554666666667,99.45333333333333,2
3111.0,2763.012,94.45333333333333,1
3111.5,2763.469333333333,93.60333333333334,1
3112.0,2763.9263333333333,93.92333333333333,1
3112.5,2764.3836666666666,94.37,1
3113.0,2764.840666666667,89.07666666666667,1
3113.5,2765.2980000000002,87.42,1
3114.0,2765.755333333333,85.60666666666667,1
3114.5,2766.2884999999997,93.16,2
3115.0,2766.822,97.57333333333334,2
3115.5,2767.2793333333334,92.76333333333334,2
3116.0,2767.736333333333,96.36666666666666,1
3116.5,2768.1936666666666,97.58333333333333,1
3117.0,2768.6506666666664,92.25999999999999,1
3117.5,2769.108,77.48333333333333,1
3118.0,2769.5653333333335,91.81,1
3118.5,2770.022333333333,94.29,2
3119.0,2770.4796666666666,93.55999999999999,2
3119.5,2770.9366666666665,98.76,2
3120.0,2771.3940000000002,102.96333333333332,1
3120.5,2771.8513333333335,102.91000000000001,1
3121.0,2772.308333333333,99.98666666666666,1
3121.5,2772.7656666666667,96.14,1
3122.0,2773.299,95.59,1
3122.5,2773.8323333333333,97.08666666666666,1
3123.0,2774.289666666666,94.27999999999999,1
3123.5,2774.7466666666664,93.74000000000001,1
3124.0,2775.204,92.63,1
3124.5,2775.6613333333335,93.83333333333333,1
3125.0,2776.1183333333333,98.95333333333333,2
3125.5,2776.575666666666,99.86666666666667,2
3126.0,2777.0326666666665,105.82666666666667,2
3126.5,2777.49,100.04333333333334,1
3127.0,2777.9473333333335,93.36333333333333,1
3127.5,2778.4043333333334,95.96666666666665,1
3128.0,2778.861666666666,92.34666666666668,1
3128.5,2779.3186666666666,94.66000000000001,1
3129.0,2779.776,95.33666666666666,3
3129.5,2780.3095000000003,87.69749999999999,3
3130.0,2780.842666666666,67.53999999999999,3
3130.5,2781.3000000000006,95.01333333333332,1
3131.0,2781.7573333333335,101.13333333333333,1
3131.5,2782.2143333333333,98.32333333333334,1
3132.0,2782.6716666666666,94.55333333333334,1
3132.5,2783.128666666666,90.23,1
3133.0,2783.586,86.36333333333333,1
3133.5,2784.0433333333335,70.50333333333334,1
3134.0,2784.5003333333334,71.68333333333334,1
3134.5,2784.9576666666667,92.70666666666666,1
3135.0,2785.414666666666,94.93333333333334,1
3135.5,2785.872,95.44666666666666,3
3136.0,2786.3293333333336,96.10666666666667,3
3136.5,2786.7863333333335,97.69666666666667,3
3137.0,2787.3197499999997,99.46249999999999,2
3137.5,2787.853333333333,99.98,1
3138.0,2788.3103333333333,101.82666666666667,1
3138.5,2788.7676666666666,102.5,1
3139.0,2789.224666666667,87.49000000000001,1
3139.5,2789.6819999999993,65.97333333333334,3
3140.0,2790.139333333333,51.19,3
3140.5,2790.5963333333334,51.876666666666665,3
3141.0,2791.0536666666667,63.79666666666666,1
3141.5,2791.510666666667,85.41333333333334,1
3142.0,2791.9679999999994,84.29,1
3142.5,2792.425333333333,67.01666666666667,1
3143.0,2792.8823333333335,87.72333333333334,1
3143.5,2793.3396666666667,95.67,1
3144.0,2793.7966666666666,88.28333333333335,1
3144.5,2794.33025,76.21000000000001,1
3145.0,2794.8636666666666,76.25,2
3145.5,2795.3206666666665,81.28333333333335,3
3146.0,2795.7780000000002,85.02666666666666,3
3146.5,2796.2353333333335,94.68,3
3147.0,2796.692333333333,89.85000000000001,3
3147.5,2797.1496666666667,95.92333333333333,3
3148.0,2797.6066666666666,100.14333333333333,3
3148.5,2798.064,81.08666666666666,3
3149.0,2798.5213333333336,71.98,2
3149.5,2798.978333333333,73.89333333333333,2
3150.0,2799.4356666666667,82.41333333333334,1
3150.5,2799.8926666666666,86.69333333333334,1
3151.0,2800.35,59.666666666666664,1
3151.5,2800.8073333333327,58.54333333333333,1
3152.0,2801.3405,79.215,1
3152.5,2801.874,93.73,1
3153.0,2802.3313333333335,93.90333333333335,1
3153.5,2802.7883333333334,92.88999999999999,1
3154.0,2803.245666666667,95.11000000000001,1
3154.5,2803.7026666666666,94.41666666666667,1
3155.0,2804.16,99.20666666666666,1
3155.5,2804.6173333333336,97.42333333333333,1
3156.0,2805.0743333333335,97.11333333333333,1
3156.5,2805.531666666667,97.89,1
3157.0,2805.9886666666666,99.67666666666668,1
3157.5,2806.446,98.27666666666669,1
3158.0,2806.9033333333336,102.80333333333333,1
3158.5,2807.3603333333335,98.79,1
3159.0,2807.8176666666664,92.23666666666666,1
3159.5,2808.2746666666667,97.72333333333334,1
3160.0,2808.80825,97.7825,1
3160.5,2809.3416666666667,96.44,1
3161.0,2809.798666666667,98.27999999999999,1
3161.5,2810.256,95.30333333333334,1
3162.0,2810.713333333333,95.11666666666667,2
3162.5,2811.1703333333335,98.03666666666668,2
3163.0,2811.6276666666668,96.37,2
3163.5,2812.084666666667,92.30333333333334,2
3164.0,2812.542,94.81666666666668,2
3164.5,2812.999333333333,96.63333333333333,1
3165.0,2813.4563333333335,92.07333333333332,1
3165.5,2813.913666666667,92.73,1
3166.0,2814.370666666667,94.84333333333332,1
3166.5,2814.828,93.25999999999999,1
3167.0,2815.2853333333333,94.48333333333333,2
3167.5,2815.8185000000003,95.98499999999999,2
3168.0,2816.3520000000003,95.95333333333333,2
3168.5,2816.809333333333,83.95,2
3169.0,2817.266333333333,88.38,2
3169.5,2817.7236666666668,91.98666666666668,2
3170.0,2818.1806666666666,92.16333333333334,1
3170.5,2818.6380000000004,80.70333333333333,1
3171.0,2819.095333333333,81.33666666666667,1
3171.5,2819.552333333333,82.78333333333333,1
3172.0,2820.009666666667,89.88,2
3172.5,2820.4666666666667,90.90666666666668,2
3173.0,2820.9240000000004,93.11666666666667,2
3173.5,2821.3813333333333,96.78000000000002,1
3174.0,2821.838333333333,98.70333333333333,1
3174.5,2822.295666666667,93.34666666666668,1
3175.0,2822.8289999999997,94.3275,1
3175.5,2823.362333333333,92.0,1
3176.0,2823.8196666666668,91.29666666666667,3
3176.5,2824.2766666666666,93.24666666666667,3
3177.0,2824.734,95.78666666666668,3
3177.5,2825.1913333333337,91.79333333333334,3
3178.0,2825.648333333333,90.68333333333332,1
3178.5,2826.1056666666664,94.34333333333335,1
3179.0,2826.5626666666667,97.14666666666666,1
3179.5,2827.02,96.03666666666668,1
3180.0,2827.4773333333337,97.10333333333334,1
3180.5,2827.934333333333,91.80333333333333,1
3181.0,2828.3916666666664,95.74333333333334,2
3181.5,2828.8486666666668,93.74000000000001,2
3182.0,2829.306,93.62333333333333,2
3182.5,2829.8395,95.42,1
3183.0,2830.3726666666666,95.18333333333334,1
3183.5,2830.83,91.95333333333332,1
3184.0,2831.2873333333337,93.01666666666665,1
3184.5,2831.7443333333335,101.05666666666666,1
3185.0,2832.2016666666664,100.43333333333332,2
3185.5,2832.6586666666667,99.26666666666667,2
3186.0,2833.116,99.12666666666667,2
3186.5,2833.5733333333333,95.25,1
3187.0,2834.0303333333336,93.39333333333332,1
3187.5,2834.4876666666664,94.67,1
3188.0,2834.9446666666668,99.40000000000002,2
3188.5,2835.402,93.58999999999999,2
3189.0,2835.8593333333333,95.79,2
3189.5,2836.3163333333337,96.94,1
3190.0,2836.84975,96.025,2
3190.5,2837.383333333333,99.15999999999998,2
3191.0,2837.8403333333335,98.30666666666667,2
3191.5,2838.297666666667,87.41000000000001,3
3192.0,2838.7546666666663,92.34666666666665,3
3192.5,2839.212,88.33333333333333,3
3193.0,2839.6693333333333,95.55666666666666,1
3193.5,2840.1263333333336,97.29,1
3194.0,2840.583666666667,96.5,1
3194.5,2841.0406666666663,89.52,1
3195.0,2841.498,90.36000000000001,1
3195.5,2841.9553333333333,91.30666666666667,1
3196.0,2842.4123333333337,89.11333333333334,1
3196.5,2842.869666666667,82.21666666666668,1
3197.0,2843.3266666666664,77.17333333333333,1
3197.5,2843.86025,71.8025,2
3198.0,2844.393666666667,78.82,2
3198.5,2844.8506666666667,98.56666666666666,2
3199.0,2845.3079999999995,96.65666666666668,3
3199.5,2845.7653333333333,100.29666666666667,3
3200.0,2846.2223333333336,108.14666666666666,2
3200.5,2846.679666666667,105.65666666666668,1
3201.0,2847.1366666666668,105.45333333333333,1
3201.5,2847.5939999999996,99.79333333333334,1
3202.0,2848.0513333333333,101.85666666666667,1
3202.5,2848.508333333333,95.46666666666665,2
3203.0,2848.965666666667,97.68,3
3203.5,2849.422666666667,99.08666666666666,3
3204.0,2849.8799999999997,96.72666666666667,3
3204.5,2850.337333333333,87.79333333333334,3
3205.0,2850.8705,83.5025,3
3205.5,2851.404,85.80666666666666,3
3206.0,2851.861333333333,84.64666666666666,3
3206.5,2852.318333333333,99.67666666666668,3
3207.0,2852.7756666666664,97.39999999999999,2
3207.5,2853.232666666667,85.86,1
3208.0,2853.69,83.46333333333332,1
3208.5,2854.147333333333,74.65333333333332,1
3209.0,2854.604333333333,87.11666666666667,1
3209.5,2855.0616666666665,75.15333333333334,1
3210.0,2855.518666666667,47.21333333333333,1
3210.5,2855.976,45.88,2
3211.0,2856.433333333333,51.56,2
3211.5,2856.8903333333333,72.66333333333334,2
3212.0,2857.3476666666666,96.60333333333334,2
3212.5,2857.8810000000003,96.57000000000001,2
3213.0,2858.4143333333336,96.87333333333333,2
3213.5,2858.8716666666664,96.5,1
3214.0,2859.328666666667,95.31333333333333,1
3214.5,2859.938,98.75,8
3215.0,2860.2433333333333,101.64999999999999,8
3215.5,2860.7003333333328,102.49000000000001,6
3216.0,2861.1576666666665,103.68666666666667,1
3216.5,2861.6146666666664,98.16666666666667,1
3217.0,2862.072,90.47333333333334,1
3217.5,2862.5293333333334,96.14333333333333,1
3218.0,2862.986333333333,97.23666666666666,2
3218.5,2863.4436666666666,98.03000000000002,2
3219.0,2863.9006666666664,93.42,2
3219.5,2864.358,95.24333333333334,1
3220.0,2864.8914999999997,90.4625,1
3220.5,2865.4246666666672,92.46666666666665,1
3221.0,2865.882,95.72666666666667,1
3221.5,2866.3393333333333,94.57666666666667,2
3222.0,2866.796333333333,89.69333333333333,2
3222.5,2867.253666666666,93.94333333333333,2
3223.0,2867.7106666666664,95.60000000000001,2
3223.5,2868.168,95.99666666666667,2
3224.0,2868.6253333333334,95.90666666666668,2
3224.5,2869.0823333333333,93.45333333333333,2
3225.0,2869.539666666666,96.74666666666667,1
3225.5,2869.9966666666664,97.67666666666666,1
3226.0,2870.454,99.17,1
3226.5,2870.9113333333335,96.44,1
3227.0,2871.3683333333333,98.63666666666667,1
3227.5,2871.90175,97.2125,1
3228.0,2872.4353333333333,101.42999999999999,1
3228.5,2872.892333333333,100.0,1
3229.0,2873.349666666667,95.83,1
3229.5,2873.806666666666,98.11333333333333,1
3230.0,2874.2640000000006,95.54333333333334,1
3230.5,2874.7213333333334,96.55000000000001,1
3231.0,2875.1783333333333,95.93666666666667,1
3231.5,2875.635666666667,94.45333333333333,2
3232.0,2876.092666666666,98.77,2
3232.5,2876.5500000000006,97.92666666666668,2
3233.0,2877.0073333333335,97.50333333333333,2
3233.5,2877.4643333333333,95.85666666666667,1
3234.0,2877.9216666666666,94.40666666666668,2
3234.5,2878.378666666666,98.62666666666667,2
3235.0,2878.836,97.45666666666666,2
3235.5,2879.3695000000002,95.43,2
3236.0,2879.902666666667,94.13333333333333,2
3236.5,2880.36,96.05666666666666,2
3237.0,2880.817333333333,97.04333333333334,2
3237.5,2881.2743333333333,98.01333333333334,2
3238.0,2881.7316666666666,98.55,2
3238.5,2882.188666666667,98.72000000000001,1
3239.0,2882.646,97.25,1
3239.5,2883.103333333333,99.30666666666666,1
3240.0,2883.5603333333333,98.50333333333333,1
3240.5,2884.0176666666666,98.36333333333334,1
3241.0,2884.474666666667,98.97000000000001,1
3241.5,2884.9319999999993,87.12,1
3242.0,2885.389333333333,97.18666666666665,2
3242.5,2885.8463333333334,102.14666666666666,2
3243.0,2886.37975,101.60499999999999,3
3243.5,2886.9133333333334,98.20666666666666,3
3244.0,2887.3703333333337,96.02666666666666,1
3244.5,2887.8276666666666,98.25999999999999,8
3245.0,2888.2846666666665,105.0,8
3245.5,2888.742,105.40333333333335,7
3246.0,2889.1993333333335,105.07000000000001,3
3246.5,2889.656333333334,101.91333333333334,3
3247.0,2890.1136666666666,101.5,3
3247.5,2890.5706666666665,101.86333333333333,2
3248.0,2891.0280000000002,97.23666666666668,2
3248.5,2891.4853333333335,98.11666666666666,1
3249.0,2891.942333333333,100.43666666666665,3
3249.5,2892.3996666666667,82.13,3
3250.0,2892.8566666666666,92.75999999999999,3
3250.5,2893.39025,101.3325,2
3251.0,2893.923666666667,99.05,1
3251.5,2894.3806666666665,96.24666666666667,1
3252.0,2894.8379999999997,100.47000000000001,1
3252.5,2895.2953333333335,109.13666666666667,1
3253.0,2895.7523333333334,105.27,1
3253.5,2896.209666666667,109.54333333333334,1
3254.0,2896.6666666666665,107.57333333333334,2
3254.5,2897.124,106.36333333333334,3
3255.0,2897.5813333333335,107.29,3
